{"cameraMode":{"drawMode":0,"name":"Shaded","section":"Shading Mode"},"sceneLighting":false,"audioPlay":false,"sceneViewState":{"showFog":true,"showMaterialUpdate":false,"showSkybox":true,"showFlares":true,"showImageEffects":true,"showParticleSystems":true},"in2DMode":false,"pivot":{"x":1.689453125,"y":3.4912109375,"z":1.575439453125},"rotation":{"x":0.12464412301778794,"y":-0.831752598285675,"z":0.20751537382602693,"w":0.49959319829940798},"size":11.300564765930176,"orthographic":true}